unit,iter,solver,time_us
0,0,stdDP,1.87824e+06
0,0,extDP,4765.68
0,0,MILP,10993.3
0,1600,stdDP,451422
0,1600,extDP,12392.5
0,1600,MILP,10372
0,2400,stdDP,447522
0,2400,extDP,6252.74
0,2400,MILP,13606.4
0,3200,stdDP,456866
0,3200,extDP,5132.39
0,3200,MILP,11205.2
0,4000,stdDP,459847
0,4000,extDP,4793.51
0,4000,MILP,10368.4
0,4800,stdDP,439711
0,4800,extDP,11256.8
0,4800,MILP,10654.3
0,5600,stdDP,448820
0,5600,extDP,5337.93
0,5600,MILP,10516.4
0,6400,stdDP,478981
0,6400,extDP,12955.9
0,6400,MILP,11313.3
0,7200,stdDP,471728
0,7200,extDP,10735.7
0,7200,MILP,11741.3
0,800,stdDP,464961
0,800,extDP,5426.71
0,800,MILP,10506.8
0,8000,stdDP,452795
0,8000,extDP,5377.43
0,8000,MILP,11027.5
0,8800,stdDP,470854
0,8800,extDP,4938.55
0,8800,MILP,11240.4
0,9600,stdDP,481547
0,9600,extDP,11088.2
0,9600,MILP,11992.4
1,0,stdDP,475913
1,0,extDP,16133.7
1,0,MILP,14596.5
1,1600,stdDP,468669
1,1600,extDP,16192.7
1,1600,MILP,14295.1
1,2400,stdDP,463769
1,2400,extDP,16906.2
1,2400,MILP,13258.9
1,3200,stdDP,463805
1,3200,extDP,16016.7
1,3200,MILP,13021.8
1,4000,stdDP,451318
1,4000,extDP,17680.7
1,4000,MILP,13628.9
1,4800,stdDP,492277
1,4800,extDP,16714.2
1,4800,MILP,14084.1
1,5600,stdDP,473803
1,5600,extDP,16342.1
1,5600,MILP,13372.9
1,6400,stdDP,460484
1,6400,extDP,17032.1
1,6400,MILP,14753.6
1,7200,stdDP,467130
1,7200,extDP,16327.1
1,7200,MILP,14066.9
1,800,stdDP,444738
1,800,extDP,16910.3
1,800,MILP,15389.5
1,8000,stdDP,478004
1,8000,extDP,26220.9
1,8000,MILP,14253.4
1,8800,stdDP,510445
1,8800,extDP,25446.3
1,8800,MILP,23687.2
1,9600,stdDP,722446
1,9600,extDP,23115.1
1,9600,MILP,19926.4
10,0,stdDP,709872
10,0,extDP,68735.4
10,0,MILP,23226.7
10,1600,stdDP,632373
10,1600,extDP,83993.9
10,1600,MILP,22204.7
10,2400,stdDP,587995
10,2400,extDP,69159.9
10,2400,MILP,22953.3
10,3200,stdDP,644203
10,3200,extDP,68382.6
10,3200,MILP,21856.3
10,4000,stdDP,667094
10,4000,extDP,71122.3
10,4000,MILP,22440.4
10,4800,stdDP,608843
10,4800,extDP,68241.6
10,4800,MILP,22960.5
10,5600,stdDP,636313
10,5600,extDP,68472.3
10,5600,MILP,22113.3
10,6400,stdDP,611953
10,6400,extDP,71285
10,6400,MILP,22282.1
10,7200,stdDP,591269
10,7200,extDP,70042.5
10,7200,MILP,21791.1
10,800,stdDP,629979
10,800,extDP,67081.2
10,800,MILP,22917.8
10,8000,stdDP,632168
10,8000,extDP,64558.1
10,8000,MILP,22083.5
10,8800,stdDP,623233
10,8800,extDP,65705.4
10,8800,MILP,21573.8
10,9600,stdDP,631125
10,9600,extDP,66554.4
10,9600,MILP,21527.2
11,0,stdDP,452047
11,0,extDP,2360.03
11,0,MILP,9996.5
11,1600,stdDP,433051
11,1600,extDP,2693.84
11,1600,MILP,10301.6
11,2400,stdDP,424678
11,2400,extDP,2174.82
11,2400,MILP,9828.81
11,3200,stdDP,452306
11,3200,extDP,2274.12
11,3200,MILP,9874.48
11,4000,stdDP,420875
11,4000,extDP,2450.52
11,4000,MILP,9899.05
11,4800,stdDP,414147
11,4800,extDP,2285.74
11,4800,MILP,8946.59
11,5600,stdDP,433768
11,5600,extDP,2246.13
11,5600,MILP,9358.15
11,6400,stdDP,419593
11,6400,extDP,2557.5
11,6400,MILP,10265.2
11,7200,stdDP,438746
11,7200,extDP,2261.76
11,7200,MILP,9028.18
11,800,stdDP,420793
11,800,extDP,2415.21
11,800,MILP,10546.1
11,8000,stdDP,436789
11,8000,extDP,2149.41
11,8000,MILP,9554.56
11,8800,stdDP,421220
11,8800,extDP,6540.62
11,8800,MILP,9407.69
11,9600,stdDP,417504
11,9600,extDP,2181.18
11,9600,MILP,9970.44
12,0,stdDP,674107
12,0,extDP,86770.5
12,0,MILP,29328.4
12,1600,stdDP,879729
12,1600,extDP,89347.4
12,1600,MILP,22999.2
12,2400,stdDP,612654
12,2400,extDP,89461.8
12,2400,MILP,23253.4
12,3200,stdDP,613826
12,3200,extDP,92239.7
12,3200,MILP,23441.8
12,4000,stdDP,620005
12,4000,extDP,87660.3
12,4000,MILP,24007.8
12,4800,stdDP,630835
12,4800,extDP,84502.5
12,4800,MILP,22231.6
12,5600,stdDP,602235
12,5600,extDP,85471.7
12,5600,MILP,22416.9
12,6400,stdDP,612567
12,6400,extDP,95900.8
12,6400,MILP,23350
12,7200,stdDP,595131
12,7200,extDP,100205
12,7200,MILP,24108
12,800,stdDP,600620
12,800,extDP,85783.2
12,800,MILP,22519.1
12,8000,stdDP,675675
12,8000,extDP,83995.2
12,8000,MILP,23387.5
12,8800,stdDP,624051
12,8800,extDP,120399
12,8800,MILP,22579.9
12,9600,stdDP,626249
12,9600,extDP,86697.8
12,9600,MILP,23069.2
13,0,stdDP,458996
13,0,extDP,5050.74
13,0,MILP,9440.72
13,1600,stdDP,454100
13,1600,extDP,2538.1
13,1600,MILP,10254.5
13,2400,stdDP,451099
13,2400,extDP,2472.79
13,2400,MILP,10064.8
13,3200,stdDP,451389
13,3200,extDP,2388.79
13,3200,MILP,9780.04
13,4000,stdDP,485528
13,4000,extDP,2304.35
13,4000,MILP,9923.54
13,4800,stdDP,434891
13,4800,extDP,2275.83
13,4800,MILP,9667.11
13,5600,stdDP,468499
13,5600,extDP,5845.82
13,5600,MILP,9376.69
13,6400,stdDP,443905
13,6400,extDP,2250.01
13,6400,MILP,9908.54
13,7200,stdDP,451000
13,7200,extDP,2601.89
13,7200,MILP,10093.8
13,800,stdDP,433571
13,800,extDP,2381.44
13,800,MILP,9841.06
13,8000,stdDP,472252
13,8000,extDP,2498.04
13,8000,MILP,9960.39
13,8800,stdDP,465181
13,8800,extDP,2547.92
13,8800,MILP,9383.26
13,9600,stdDP,450686
13,9600,extDP,2298.45
13,9600,MILP,9562.13
14,0,stdDP,588886
14,0,extDP,70924.1
14,0,MILP,21814
14,1600,stdDP,712148
14,1600,extDP,108033
14,1600,MILP,30131.4
14,2400,stdDP,881402
14,2400,extDP,77589.9
14,2400,MILP,24162
14,3200,stdDP,602445
14,3200,extDP,67998.6
14,3200,MILP,22328.6
14,4000,stdDP,605387
14,4000,extDP,68558
14,4000,MILP,21850.8
14,4800,stdDP,603636
14,4800,extDP,70221.7
14,4800,MILP,22039.1
14,5600,stdDP,603954
14,5600,extDP,68545.7
14,5600,MILP,21822.6
14,6400,stdDP,586406
14,6400,extDP,77056.4
14,6400,MILP,21410.8
14,7200,stdDP,703119
14,7200,extDP,74726.9
14,7200,MILP,22252.6
14,800,stdDP,625179
14,800,extDP,70576.7
14,800,MILP,21919.3
14,8000,stdDP,589322
14,8000,extDP,68660.9
14,8000,MILP,21416.5
14,8800,stdDP,664373
14,8800,extDP,64969
14,8800,MILP,21049.7
14,9600,stdDP,643714
14,9600,extDP,73405.4
14,9600,MILP,21755.7
15,0,stdDP,474179
15,0,extDP,12874.6
15,0,MILP,13617.8
15,1600,stdDP,488885
15,1600,extDP,24985.8
15,1600,MILP,18163.4
15,2400,stdDP,488481
15,2400,extDP,13004.9
15,2400,MILP,13132.8
15,3200,stdDP,505200
15,3200,extDP,13190.3
15,3200,MILP,13336
15,4000,stdDP,460977
15,4000,extDP,12554.3
15,4000,MILP,22812.3
15,4800,stdDP,429410
15,4800,extDP,23641
15,4800,MILP,14814.5
15,5600,stdDP,468553
15,5600,extDP,25343
15,5600,MILP,13307.4
15,6400,stdDP,481650
15,6400,extDP,14883.3
15,6400,MILP,12675.8
15,7200,stdDP,482904
15,7200,extDP,12432
15,7200,MILP,12712.1
15,800,stdDP,469789
15,800,extDP,16811.1
15,800,MILP,13023.2
15,8000,stdDP,446468
15,8000,extDP,12364.3
15,8000,MILP,15635.2
15,8800,stdDP,447160
15,8800,extDP,13260.6
15,8800,MILP,13495.2
15,9600,stdDP,487466
15,9600,extDP,13090
15,9600,MILP,14494.5
16,0,stdDP,435864
16,0,extDP,14693.5
16,0,MILP,12714
16,1600,stdDP,483101
16,1600,extDP,25504.6
16,1600,MILP,13674.5
16,2400,stdDP,458644
16,2400,extDP,13273.6
16,2400,MILP,19127.3
16,3200,stdDP,491009
16,3200,extDP,13000.3
16,3200,MILP,13560.6
16,4000,stdDP,511435
16,4000,extDP,12738
16,4000,MILP,13822.5
16,4800,stdDP,608932
16,4800,extDP,12455.1
16,4800,MILP,13010.6
16,5600,stdDP,469518
16,5600,extDP,16357.5
16,5600,MILP,13911.7
16,6400,stdDP,456251
16,6400,extDP,12511.5
16,6400,MILP,13987.8
16,7200,stdDP,453407
16,7200,extDP,12354.4
16,7200,MILP,13394.7
16,800,stdDP,436723
16,800,extDP,19329.2
16,800,MILP,12743.7
16,8000,stdDP,478422
16,8000,extDP,12722.5
16,8000,MILP,14159.7
16,8800,stdDP,460849
16,8800,extDP,12760.2
16,8800,MILP,12993.9
16,9600,stdDP,481792
16,9600,extDP,18928.1
16,9600,MILP,13966.9
17,0,stdDP,497740
17,0,extDP,28016.7
17,0,MILP,16429
17,1600,stdDP,472570
17,1600,extDP,28346.6
17,1600,MILP,15218.9
17,2400,stdDP,500705
17,2400,extDP,29303.2
17,2400,MILP,16509.2
17,3200,stdDP,469348
17,3200,extDP,39469.2
17,3200,MILP,16221.9
17,4000,stdDP,481065
17,4000,extDP,29359
17,4000,MILP,15615.9
17,4800,stdDP,491948
17,4800,extDP,44003
17,4800,MILP,15222.7
17,5600,stdDP,460339
17,5600,extDP,31622.8
17,5600,MILP,15327.3
17,6400,stdDP,479922
17,6400,extDP,47373.7
17,6400,MILP,15958.1
17,7200,stdDP,454556
17,7200,extDP,28696.7
17,7200,MILP,15856.1
17,800,stdDP,457363
17,800,extDP,64509
17,800,MILP,18784.6
17,8000,stdDP,504888
17,8000,extDP,29173.7
17,8000,MILP,15623.1
17,8800,stdDP,467086
17,8800,extDP,28838.2
17,8800,MILP,16130.1
17,9600,stdDP,521562
17,9600,extDP,28051.8
17,9600,MILP,15729
18,0,stdDP,469278
18,0,extDP,13084.7
18,0,MILP,12329.8
18,1600,stdDP,454409
18,1600,extDP,5161.51
18,1600,MILP,11853.6
18,2400,stdDP,482572
18,2400,extDP,6536.06
18,2400,MILP,13637.2
18,3200,stdDP,459267
18,3200,extDP,4994.15
18,3200,MILP,10670.9
18,4000,stdDP,456988
18,4000,extDP,5008.56
18,4000,MILP,10802.7
18,4800,stdDP,442520
18,4800,extDP,12391.1
18,4800,MILP,11083.4
18,5600,stdDP,433870
18,5600,extDP,4912.99
18,5600,MILP,11221.3
18,6400,stdDP,490765
18,6400,extDP,4824.23
18,6400,MILP,11693.5
18,7200,stdDP,475800
18,7200,extDP,6382.03
18,7200,MILP,14547
18,800,stdDP,645460
18,800,extDP,11181
18,800,MILP,16764.7
18,8000,stdDP,616750
18,8000,extDP,14759.6
18,8000,MILP,12683.3
18,8800,stdDP,518143
18,8800,extDP,5439.71
18,8800,MILP,11507.2
18,9600,stdDP,473573
18,9600,extDP,5703.7
18,9600,MILP,13150.5
19,0,stdDP,460807
19,0,extDP,17017.1
19,0,MILP,13264.7
19,1600,stdDP,448460
19,1600,extDP,27447.6
19,1600,MILP,12558.2
19,2400,stdDP,470552
19,2400,extDP,16657.1
19,2400,MILP,12478.7
19,3200,stdDP,454333
19,3200,extDP,22383.6
19,3200,MILP,12413.7
19,4000,stdDP,472047
19,4000,extDP,16796.6
19,4000,MILP,13300.3
19,4800,stdDP,465615
19,4800,extDP,16303.9
19,4800,MILP,15351
19,5600,stdDP,453224
19,5600,extDP,16864.9
19,5600,MILP,13199.3
19,6400,stdDP,456437
19,6400,extDP,21948.5
19,6400,MILP,13117.4
19,7200,stdDP,486602
19,7200,extDP,15960
19,7200,MILP,12703.2
19,800,stdDP,450332
19,800,extDP,18460.5
19,800,MILP,15069.5
19,8000,stdDP,469152
19,8000,extDP,37308.1
19,8000,MILP,13727.9
19,8800,stdDP,475682
19,8800,extDP,17030.4
19,8800,MILP,12272.3
19,9600,stdDP,475379
19,9600,extDP,17463.3
19,9600,MILP,13276.4
2,0,stdDP,524042
2,0,extDP,25349.5
2,0,MILP,15657.5
2,1600,stdDP,485311
2,1600,extDP,24969.2
2,1600,MILP,15965.9
2,2400,stdDP,499434
2,2400,extDP,50753.2
2,2400,MILP,15707
2,3200,stdDP,467595
2,3200,extDP,57639.5
2,3200,MILP,16003.9
2,4000,stdDP,460377
2,4000,extDP,27098
2,4000,MILP,16995.7
2,4800,stdDP,477950
2,4800,extDP,26372.8
2,4800,MILP,16222.8
2,5600,stdDP,514260
2,5600,extDP,36953.2
2,5600,MILP,15645.5
2,6400,stdDP,451028
2,6400,extDP,29339.4
2,6400,MILP,15409.5
2,7200,stdDP,473479
2,7200,extDP,25406.7
2,7200,MILP,15649.6
2,800,stdDP,479554
2,800,extDP,57497.8
2,800,MILP,16331
2,8000,stdDP,456182
2,8000,extDP,25701.6
2,8000,MILP,15631.8
2,8800,stdDP,473745
2,8800,extDP,43957.3
2,8800,MILP,15522.5
2,9600,stdDP,479671
2,9600,extDP,26408.4
2,9600,MILP,16190.3
20,0,stdDP,470953
20,0,extDP,51470.4
20,0,MILP,15273.4
20,1600,stdDP,529395
20,1600,extDP,26501.3
20,1600,MILP,17830.2
20,2400,stdDP,475909
20,2400,extDP,28335.1
20,2400,MILP,15412.3
20,3200,stdDP,495113
20,3200,extDP,35270.1
20,3200,MILP,15213.6
20,4000,stdDP,513586
20,4000,extDP,28486.8
20,4000,MILP,17725.7
20,4800,stdDP,563486
20,4800,extDP,26564
20,4800,MILP,16830.6
20,5600,stdDP,540403
20,5600,extDP,26127.1
20,5600,MILP,16761.7
20,6400,stdDP,445709
20,6400,extDP,59137.2
20,6400,MILP,15858.4
20,7200,stdDP,505042
20,7200,extDP,26455.1
20,7200,MILP,16460.9
20,800,stdDP,482754
20,800,extDP,26932.7
20,800,MILP,15856.1
20,8000,stdDP,490828
20,8000,extDP,38827.7
20,8000,MILP,15742.9
20,8800,stdDP,498072
20,8800,extDP,24889.5
20,8800,MILP,15109.6
20,9600,stdDP,475388
20,9600,extDP,27158.7
20,9600,MILP,15455.7
21,0,stdDP,424043
21,0,extDP,2904.95
21,0,MILP,9340.99
21,1600,stdDP,416051
21,1600,extDP,5928.56
21,1600,MILP,9807.63
21,2400,stdDP,414160
21,2400,extDP,2242.5
21,2400,MILP,8975.66
21,3200,stdDP,439804
21,3200,extDP,2198.29
21,3200,MILP,11717.4
21,4000,stdDP,411994
21,4000,extDP,2266.71
21,4000,MILP,9128.78
21,4800,stdDP,424144
21,4800,extDP,2280.22
21,4800,MILP,9940.23
21,5600,stdDP,438394
21,5600,extDP,3296.88
21,5600,MILP,9649.62
21,6400,stdDP,441368
21,6400,extDP,2647.26
21,6400,MILP,9710.4
21,7200,stdDP,434880
21,7200,extDP,2432.62
21,7200,MILP,9110.86
21,800,stdDP,409340
21,800,extDP,2182.38
21,800,MILP,9857.13
21,8000,stdDP,455455
21,8000,extDP,2182.84
21,8000,MILP,9164.91
21,8800,stdDP,432296
21,8800,extDP,2211.1
21,8800,MILP,9392.56
21,9600,stdDP,422764
21,9600,extDP,5959.18
21,9600,MILP,10596.5
22,0,stdDP,427016
22,0,extDP,2902.01
22,0,MILP,9908.24
22,1600,stdDP,406347
22,1600,extDP,2269.44
22,1600,MILP,9812.14
22,2400,stdDP,419869
22,2400,extDP,6237.62
22,2400,MILP,9062.88
22,3200,stdDP,428038
22,3200,extDP,2521.37
22,3200,MILP,9073.48
22,4000,stdDP,435430
22,4000,extDP,2165.72
22,4000,MILP,9117.34
22,4800,stdDP,426803
22,4800,extDP,2231.01
22,4800,MILP,9938.85
22,5600,stdDP,421615
22,5600,extDP,2265.68
22,5600,MILP,9543.5
22,6400,stdDP,443546
22,6400,extDP,2478.27
22,6400,MILP,10146.3
22,7200,stdDP,427061
22,7200,extDP,2191.38
22,7200,MILP,8889.83
22,800,stdDP,425879
22,800,extDP,2373.35
22,800,MILP,9686.65
22,8000,stdDP,430252
22,8000,extDP,6097.19
22,8000,MILP,9390.21
22,8800,stdDP,435968
22,8800,extDP,2291.22
22,8800,MILP,15629.4
22,9600,stdDP,429240
22,9600,extDP,2267.63
22,9600,MILP,9305.52
23,0,stdDP,428459
23,0,extDP,2181.36
23,0,MILP,9849.82
23,1600,stdDP,462505
23,1600,extDP,2221.65
23,1600,MILP,12602.3
23,2400,stdDP,475511
23,2400,extDP,5954.82
23,2400,MILP,10617.7
23,3200,stdDP,439387
23,3200,extDP,2374.67
23,3200,MILP,10057.6
23,4000,stdDP,441018
23,4000,extDP,2329
23,4000,MILP,10096
23,4800,stdDP,445186
23,4800,extDP,2248.54
23,4800,MILP,9716.5
23,5600,stdDP,439538
23,5600,extDP,2181.18
23,5600,MILP,9498.85
23,6400,stdDP,442293
23,6400,extDP,2264.09
23,6400,MILP,10475.8
23,7200,stdDP,444413
23,7200,extDP,6184.53
23,7200,MILP,9639.04
23,800,stdDP,429262
23,800,extDP,2253.19
23,800,MILP,9889.7
23,8000,stdDP,467465
23,8000,extDP,2236.03
23,8000,MILP,9485.05
23,8800,stdDP,446321
23,8800,extDP,2315.61
23,8800,MILP,10342.6
23,9600,stdDP,476335
23,9600,extDP,2216.56
23,9600,MILP,10034.1
24,0,stdDP,469482
24,0,extDP,28727.3
24,0,MILP,16829.1
24,1600,stdDP,501593
24,1600,extDP,60178.8
24,1600,MILP,16175.4
24,2400,stdDP,468831
24,2400,extDP,50232.2
24,2400,MILP,16615
24,3200,stdDP,493982
24,3200,extDP,27243.9
24,3200,MILP,15520.9
24,4000,stdDP,472260
24,4000,extDP,55500.8
24,4000,MILP,15993.1
24,4800,stdDP,527321
24,4800,extDP,27509.7
24,4800,MILP,15761.2
24,5600,stdDP,494007
24,5600,extDP,37911.7
24,5600,MILP,15773.1
24,6400,stdDP,459272
24,6400,extDP,27490.1
24,6400,MILP,15504.8
24,7200,stdDP,461639
24,7200,extDP,27941.5
24,7200,MILP,18037
24,800,stdDP,506503
24,800,extDP,27061.3
24,800,MILP,15338.2
24,8000,stdDP,476814
24,8000,extDP,48271
24,8000,MILP,17279.5
24,8800,stdDP,534611
24,8800,extDP,38573.6
24,8800,MILP,21954.4
24,9600,stdDP,623113
24,9600,extDP,34973.5
24,9600,MILP,18536.7
25,0,stdDP,578321
25,0,extDP,3172.04
25,0,MILP,12693.9
25,1600,stdDP,553955
25,1600,extDP,2583.19
25,1600,MILP,10442.7
25,2400,stdDP,452600
25,2400,extDP,2365.63
25,2400,MILP,9726.48
25,3200,stdDP,441824
25,3200,extDP,2631.44
25,3200,MILP,9195.8
25,4000,stdDP,409674
25,4000,extDP,2236.05
25,4000,MILP,9347.02
25,4800,stdDP,461973
25,4800,extDP,2181.3
25,4800,MILP,9721.24
25,5600,stdDP,418651
25,5600,extDP,2281.01
25,5600,MILP,10241.3
25,6400,stdDP,433685
25,6400,extDP,2205.83
25,6400,MILP,9588.93
25,7200,stdDP,431500
25,7200,extDP,4618.03
25,7200,MILP,9308.17
25,800,stdDP,439479
25,800,extDP,2565.02
25,800,MILP,12274.9
25,8000,stdDP,408033
25,8000,extDP,2213.82
25,8000,MILP,9221.18
25,8800,stdDP,436753
25,8800,extDP,2336.56
25,8800,MILP,9109.67
25,9600,stdDP,425396
25,9600,extDP,2234.45
25,9600,MILP,10067.1
26,0,stdDP,509678
26,0,extDP,38287.2
26,0,MILP,17895.9
26,1600,stdDP,598766
26,1600,extDP,54441.2
26,1600,MILP,18289.5
26,2400,stdDP,539347
26,2400,extDP,50708.2
26,2400,MILP,17009.4
26,3200,stdDP,543783
26,3200,extDP,39049.1
26,3200,MILP,17897.9
26,4000,stdDP,499602
26,4000,extDP,37147.7
26,4000,MILP,17300.6
26,4800,stdDP,501089
26,4800,extDP,56067.7
26,4800,MILP,19657.7
26,5600,stdDP,514965
26,5600,extDP,37860.3
26,5600,MILP,17432.8
26,6400,stdDP,496843
26,6400,extDP,36738
26,6400,MILP,17142.3
26,7200,stdDP,501287
26,7200,extDP,38797.5
26,7200,MILP,17555.2
26,800,stdDP,519215
26,800,extDP,66497
26,800,MILP,17740.4
26,8000,stdDP,514752
26,8000,extDP,38324.6
26,8000,MILP,17746.9
26,8800,stdDP,533538
26,8800,extDP,76305.4
26,8800,MILP,17677.5
26,9600,stdDP,565157
26,9600,extDP,40158.5
26,9600,MILP,17835.5
27,0,stdDP,521530
27,0,extDP,42718.5
27,0,MILP,18047.7
27,1600,stdDP,541714
27,1600,extDP,42571.6
27,1600,MILP,18252.8
27,2400,stdDP,522051
27,2400,extDP,45076.9
27,2400,MILP,18818.6
27,3200,stdDP,510735
27,3200,extDP,42091.1
27,3200,MILP,18255.7
27,4000,stdDP,500673
27,4000,extDP,43848.5
27,4000,MILP,17873.2
27,4800,stdDP,523579
27,4800,extDP,42959.5
27,4800,MILP,17813.8
27,5600,stdDP,503904
27,5600,extDP,43935.9
27,5600,MILP,17777.4
27,6400,stdDP,526782
27,6400,extDP,45581.6
27,6400,MILP,19811.1
27,7200,stdDP,549241
27,7200,extDP,44215.7
27,7200,MILP,18471.6
27,800,stdDP,521511
27,800,extDP,43460.2
27,800,MILP,18600.2
27,8000,stdDP,503893
27,8000,extDP,41540.6
27,8000,MILP,17507.4
27,8800,stdDP,507459
27,8800,extDP,44889
27,8800,MILP,18960
27,9600,stdDP,514740
27,9600,extDP,44373.4
27,9600,MILP,18343
28,0,stdDP,440458
28,0,extDP,6125.04
28,0,MILP,9243.44
28,1600,stdDP,416695
28,1600,extDP,6515.06
28,1600,MILP,9491.35
28,2400,stdDP,437171
28,2400,extDP,2524.66
28,2400,MILP,10115.1
28,3200,stdDP,405786
28,3200,extDP,2328.22
28,3200,MILP,9445.9
28,4000,stdDP,415594
28,4000,extDP,2394.14
28,4000,MILP,10351.2
28,4800,stdDP,420177
28,4800,extDP,2277.43
28,4800,MILP,9112.39
28,5600,stdDP,446242
28,5600,extDP,2191.97
28,5600,MILP,9767.91
28,6400,stdDP,426679
28,6400,extDP,2270.96
28,6400,MILP,9706.82
28,7200,stdDP,422027
28,7200,extDP,2354.78
28,7200,MILP,9282.46
28,800,stdDP,436499
28,800,extDP,3914.62
28,800,MILP,9167.13
28,8000,stdDP,461562
28,8000,extDP,2315.19
28,8000,MILP,9772.95
28,8800,stdDP,408250
28,8800,extDP,2191.7
28,8800,MILP,11303.6
28,9600,stdDP,428885
28,9600,extDP,6105.29
28,9600,MILP,9626.18
29,0,stdDP,413372
29,0,extDP,2315.35
29,0,MILP,9100.1
29,1600,stdDP,430500
29,1600,extDP,2235.93
29,1600,MILP,10092.4
29,2400,stdDP,423964
29,2400,extDP,2206.13
29,2400,MILP,9468.53
29,3200,stdDP,451863
29,3200,extDP,2391.18
29,3200,MILP,9613.64
29,4000,stdDP,437214
29,4000,extDP,2265.16
29,4000,MILP,9519.52
29,4800,stdDP,443317
29,4800,extDP,5626.08
29,4800,MILP,9755.59
29,5600,stdDP,407425
29,5600,extDP,2220.01
29,5600,MILP,9397.11
29,6400,stdDP,418284
29,6400,extDP,6047.3
29,6400,MILP,12646.7
29,7200,stdDP,483245
29,7200,extDP,5823.76
29,7200,MILP,9415.08
29,800,stdDP,447147
29,800,extDP,2448.64
29,800,MILP,9318.09
29,8000,stdDP,459064
29,8000,extDP,2238.98
29,8000,MILP,9478.54
29,8800,stdDP,406621
29,8800,extDP,2258.51
29,8800,MILP,9649.06
29,9600,stdDP,431076
29,9600,extDP,2514.2
29,9600,MILP,9814.31
3,0,stdDP,442549
3,0,extDP,5702.51
3,0,MILP,10185.6
3,1600,stdDP,436737
3,1600,extDP,5909.05
3,1600,MILP,9082.01
3,2400,stdDP,427770
3,2400,extDP,2246.05
3,2400,MILP,9942.99
3,3200,stdDP,452814
3,3200,extDP,2186.36
3,3200,MILP,9443.91
3,4000,stdDP,467651
3,4000,extDP,2575.84
3,4000,MILP,9242.55
3,4800,stdDP,438562
3,4800,extDP,2379.55
3,4800,MILP,9331.83
3,5600,stdDP,451733
3,5600,extDP,2199.21
3,5600,MILP,9836.47
3,6400,stdDP,439252
3,6400,extDP,2268.53
3,6400,MILP,9421.32
3,7200,stdDP,441426
3,7200,extDP,5724.56
3,7200,MILP,9994.04
3,800,stdDP,430095
3,800,extDP,2256.03
3,800,MILP,9475.74
3,8000,stdDP,432069
3,8000,extDP,3051.81
3,8000,MILP,9534.77
3,8800,stdDP,464355
3,8800,extDP,2287.94
3,8800,MILP,10002.5
3,9600,stdDP,442753
3,9600,extDP,5999.48
3,9600,MILP,10040.2
30,0,stdDP,616013
30,0,extDP,126029
30,0,MILP,22086
30,1600,stdDP,652254
30,1600,extDP,76008.6
30,1600,MILP,23376
30,2400,stdDP,692407
30,2400,extDP,81731.7
30,2400,MILP,22071.2
30,3200,stdDP,636206
30,3200,extDP,75113.5
30,3200,MILP,21515.3
30,4000,stdDP,824347
30,4000,extDP,80053.7
30,4000,MILP,21464.1
30,4800,stdDP,619402
30,4800,extDP,79622.7
30,4800,MILP,21872.2
30,5600,stdDP,707513
30,5600,extDP,76330.2
30,5600,MILP,22916.7
30,6400,stdDP,610527
30,6400,extDP,82641.6
30,6400,MILP,22724
30,7200,stdDP,619922
30,7200,extDP,80153
30,7200,MILP,22786.2
30,800,stdDP,602211
30,800,extDP,82406.3
30,800,MILP,23567.5
30,8000,stdDP,678902
30,8000,extDP,78878.7
30,8000,MILP,22835.9
30,8800,stdDP,643855
30,8800,extDP,87116
30,8800,MILP,23048.2
30,9600,stdDP,628675
30,9600,extDP,83749.7
30,9600,MILP,21519.5
31,0,stdDP,454031
31,0,extDP,9651.57
31,0,MILP,12426.5
31,1600,stdDP,493662
31,1600,extDP,9529.2
31,1600,MILP,14658.8
31,2400,stdDP,460757
31,2400,extDP,9933.95
31,2400,MILP,12919
31,3200,stdDP,487641
31,3200,extDP,9553.16
31,3200,MILP,12178.9
31,4000,stdDP,448048
31,4000,extDP,14318.9
31,4000,MILP,12669.1
31,4800,stdDP,459610
31,4800,extDP,9709.17
31,4800,MILP,13178.3
31,5600,stdDP,447220
31,5600,extDP,11164.9
31,5600,MILP,12071.2
31,6400,stdDP,462249
31,6400,extDP,10360.2
31,6400,MILP,12451.4
31,7200,stdDP,441826
31,7200,extDP,9385.26
31,7200,MILP,12014.3
31,800,stdDP,460869
31,800,extDP,9664.59
31,800,MILP,12801.2
31,8000,stdDP,449353
31,8000,extDP,15920.4
31,8000,MILP,12410.3
31,8800,stdDP,469099
31,8800,extDP,9571.35
31,8800,MILP,12166.5
31,9600,stdDP,433590
31,9600,extDP,22296.4
31,9600,MILP,12761.5
32,0,stdDP,522603
32,0,extDP,54823.2
32,0,MILP,18040.4
32,1600,stdDP,512548
32,1600,extDP,74284.5
32,1600,MILP,18103.3
32,2400,stdDP,510101
32,2400,extDP,38051.7
32,2400,MILP,17837.5
32,3200,stdDP,509992
32,3200,extDP,41406.4
32,3200,MILP,19475.4
32,4000,stdDP,554752
32,4000,extDP,43445.4
32,4000,MILP,19984.1
32,4800,stdDP,579541
32,4800,extDP,42422.2
32,4800,MILP,19494.8
32,5600,stdDP,511911
32,5600,extDP,37294.4
32,5600,MILP,17662.9
32,6400,stdDP,513828
32,6400,extDP,38333.4
32,6400,MILP,18539
32,7200,stdDP,509473
32,7200,extDP,39535.7
32,7200,MILP,18185
32,800,stdDP,524450
32,800,extDP,48919.5
32,800,MILP,18511.7
32,8000,stdDP,512204
32,8000,extDP,57674.7
32,8000,MILP,17738.4
32,8800,stdDP,488805
32,8800,extDP,77079
32,8800,MILP,17463.9
32,9600,stdDP,492184
32,9600,extDP,36773.3
32,9600,MILP,20047.8
33,0,stdDP,443412
33,0,extDP,2259.71
33,0,MILP,9829.53
33,1600,stdDP,450734
33,1600,extDP,2887.58
33,1600,MILP,9951.21
33,2400,stdDP,422396
33,2400,extDP,3839.97
33,2400,MILP,11415.3
33,3200,stdDP,447382
33,3200,extDP,5631.84
33,3200,MILP,10096.6
33,4000,stdDP,459956
33,4000,extDP,2189.56
33,4000,MILP,11079
33,4800,stdDP,443836
33,4800,extDP,2162.36
33,4800,MILP,9180.09
33,5600,stdDP,465935
33,5600,extDP,3545.95
33,5600,MILP,9577.17
33,6400,stdDP,419970
33,6400,extDP,2182.48
33,6400,MILP,9180.38
33,7200,stdDP,454584
33,7200,extDP,2451.74
33,7200,MILP,10061.7
33,800,stdDP,412190
33,800,extDP,2654.96
33,800,MILP,10527.2
33,8000,stdDP,408337
33,8000,extDP,6005.03
33,8000,MILP,9929.85
33,8800,stdDP,441678
33,8800,extDP,2251.1
33,8800,MILP,9387.4
33,9600,stdDP,421625
33,9600,extDP,2378.86
33,9600,MILP,9762.81
34,0,stdDP,604365
34,0,extDP,79791.9
34,0,MILP,22684.5
34,1600,stdDP,623413
34,1600,extDP,80468.9
34,1600,MILP,23391.7
34,2400,stdDP,707399
34,2400,extDP,75718.8
34,2400,MILP,21651.7
34,3200,stdDP,661012
34,3200,extDP,80994.7
34,3200,MILP,22688.2
34,4000,stdDP,718606
34,4000,extDP,81741.4
34,4000,MILP,22772.5
34,4800,stdDP,617038
34,4800,extDP,81540.1
34,4800,MILP,23433.6
34,5600,stdDP,738405
34,5600,extDP,98278.7
34,5600,MILP,23314.4
34,6400,stdDP,643566
34,6400,extDP,75905.4
34,6400,MILP,22398.3
34,7200,stdDP,674549
34,7200,extDP,90102.9
34,7200,MILP,23220.2
34,800,stdDP,673312
34,800,extDP,180394
34,800,MILP,22352.5
34,8000,stdDP,607178
34,8000,extDP,82199.9
34,8000,MILP,23534.9
34,8800,stdDP,687969
34,8800,extDP,87466.9
34,8800,MILP,22664.1
34,9600,stdDP,650363
34,9600,extDP,91926.6
34,9600,MILP,21846.4
35,0,stdDP,465474
35,0,extDP,13042
35,0,MILP,12853.8
35,1600,stdDP,487952
35,1600,extDP,13454.4
35,1600,MILP,12765.8
35,2400,stdDP,488274
35,2400,extDP,13589.7
35,2400,MILP,12556.7
35,3200,stdDP,474385
35,3200,extDP,16402.8
35,3200,MILP,11919.1
35,4000,stdDP,445849
35,4000,extDP,13032.3
35,4000,MILP,12403.8
35,4800,stdDP,440120
35,4800,extDP,13038.4
35,4800,MILP,13598.8
35,5600,stdDP,455189
35,5600,extDP,12847.3
35,5600,MILP,12741.9
35,6400,stdDP,439212
35,6400,extDP,29141.6
35,6400,MILP,13119.6
35,7200,stdDP,511486
35,7200,extDP,26541.5
35,7200,MILP,12804.6
35,800,stdDP,474458
35,800,extDP,13862.3
35,800,MILP,13661.7
35,8000,stdDP,468332
35,8000,extDP,13701.5
35,8000,MILP,12599
35,8800,stdDP,453940
35,8800,extDP,13663.2
35,8800,MILP,12419.8
35,9600,stdDP,489573
35,9600,extDP,12609.7
35,9600,MILP,13106.1
36,0,stdDP,435357
36,0,extDP,22753.3
36,0,MILP,13463.1
36,1600,stdDP,475751
36,1600,extDP,16155.6
36,1600,MILP,14594.6
36,2400,stdDP,475229
36,2400,extDP,16000.1
36,2400,MILP,13897.8
36,3200,stdDP,462945
36,3200,extDP,17518.5
36,3200,MILP,14036.3
36,4000,stdDP,475618
36,4000,extDP,17157.3
36,4000,MILP,13947.8
36,4800,stdDP,479842
36,4800,extDP,16211.6
36,4800,MILP,15137.4
36,5600,stdDP,460675
36,5600,extDP,16410.7
36,5600,MILP,14075.8
36,6400,stdDP,459288
36,6400,extDP,20168.7
36,6400,MILP,13287.8
36,7200,stdDP,464880
36,7200,extDP,20265.2
36,7200,MILP,20260.9
36,800,stdDP,667041
36,800,extDP,43019.1
36,800,MILP,20907.6
36,8000,stdDP,638204
36,8000,extDP,20845.3
36,8000,MILP,17737.4
36,8800,stdDP,534558
36,8800,extDP,17515.6
36,8800,MILP,14781.3
36,9600,stdDP,501222
36,9600,extDP,16820.4
36,9600,MILP,13633.6
37,0,stdDP,519039
37,0,extDP,49370.8
37,0,MILP,18497.1
37,1600,stdDP,490862
37,1600,extDP,58339.9
37,1600,MILP,18472.6
37,2400,stdDP,486872
37,2400,extDP,47608.9
37,2400,MILP,18545.2
37,3200,stdDP,522739
37,3200,extDP,47096.8
37,3200,MILP,20273.6
37,4000,stdDP,507581
37,4000,extDP,46336.2
37,4000,MILP,19665.1
37,4800,stdDP,483722
37,4800,extDP,46568
37,4800,MILP,19042.3
37,5600,stdDP,482605
37,5600,extDP,49158.1
37,5600,MILP,18861.6
37,6400,stdDP,494263
37,6400,extDP,48400.3
37,6400,MILP,18613.1
37,7200,stdDP,558095
37,7200,extDP,57958.4
37,7200,MILP,18898.3
37,800,stdDP,503956
37,800,extDP,47289.1
37,800,MILP,18387.3
37,8000,stdDP,504648
37,8000,extDP,49034.3
37,8000,MILP,18319.1
37,8800,stdDP,524307
37,8800,extDP,54936
37,8800,MILP,20726.3
37,9600,stdDP,573155
37,9600,extDP,54978.3
37,9600,MILP,22565.7
38,0,stdDP,497897
38,0,extDP,29900.6
38,0,MILP,15901.2
38,1600,stdDP,471228
38,1600,extDP,29747.3
38,1600,MILP,15609
38,2400,stdDP,511231
38,2400,extDP,28944.7
38,2400,MILP,15288.8
38,3200,stdDP,519437
38,3200,extDP,31209.1
38,3200,MILP,16530.6
38,4000,stdDP,518775
38,4000,extDP,30202
38,4000,MILP,15509.4
38,4800,stdDP,492887
38,4800,extDP,29110.7
38,4800,MILP,17006.6
38,5600,stdDP,491270
38,5600,extDP,30549.1
38,5600,MILP,16188.8
38,6400,stdDP,474436
38,6400,extDP,30735.2
38,6400,MILP,15959.4
38,7200,stdDP,475015
38,7200,extDP,28973.1
38,7200,MILP,15492.8
38,800,stdDP,478650
38,800,extDP,29614.8
38,800,MILP,16217.3
38,8000,stdDP,454703
38,8000,extDP,48832.8
38,8000,MILP,16594.3
38,8800,stdDP,481102
38,8800,extDP,30110.6
38,8800,MILP,16400.7
38,9600,stdDP,462810
38,9600,extDP,30657
38,9600,MILP,15545.8
39,0,stdDP,443976
39,0,extDP,4937.53
39,0,MILP,11855.6
39,1600,stdDP,436646
39,1600,extDP,12614.3
39,1600,MILP,10625.9
39,2400,stdDP,454590
39,2400,extDP,8177.59
39,2400,MILP,10647.4
39,3200,stdDP,475737
39,3200,extDP,5131.56
39,3200,MILP,11150.6
39,4000,stdDP,430994
39,4000,extDP,5025.22
39,4000,MILP,10998
39,4800,stdDP,449181
39,4800,extDP,12915.8
39,4800,MILP,10449.5
39,5600,stdDP,495732
39,5600,extDP,5538
39,5600,MILP,18315.3
39,6400,stdDP,547253
39,6400,extDP,4930.05
39,6400,MILP,10632.5
39,7200,stdDP,441269
39,7200,extDP,5367.97
39,7200,MILP,11692
39,800,stdDP,463489
39,800,extDP,5085.65
39,800,MILP,11171.7
39,8000,stdDP,450328
39,8000,extDP,5101.59
39,8000,MILP,11208.8
39,8800,stdDP,433054
39,8800,extDP,11197.5
39,8800,MILP,11006.9
39,9600,stdDP,447872
39,9600,extDP,5060.34
39,9600,MILP,11367.8
4,0,stdDP,434787
4,0,extDP,5034.88
4,0,MILP,10843.9
4,1600,stdDP,459341
4,1600,extDP,5030.35
4,1600,MILP,11631.6
4,2400,stdDP,431136
4,2400,extDP,5531.36
4,2400,MILP,14264.7
4,3200,stdDP,438553
4,3200,extDP,5414.17
4,3200,MILP,11430.7
4,4000,stdDP,459791
4,4000,extDP,10745.7
4,4000,MILP,11427.5
4,4800,stdDP,442168
4,4800,extDP,5050.73
4,4800,MILP,11582.9
4,5600,stdDP,423154
4,5600,extDP,5507.88
4,5600,MILP,10811.8
4,6400,stdDP,433691
4,6400,extDP,5414.45
4,6400,MILP,10534.2
4,7200,stdDP,442591
4,7200,extDP,5136.69
4,7200,MILP,11774.1
4,800,stdDP,456546
4,800,extDP,5152.56
4,800,MILP,10680.8
4,8000,stdDP,431626
4,8000,extDP,5070.51
4,8000,MILP,11416.1
4,8800,stdDP,466964
4,8800,extDP,11348.2
4,8800,MILP,10988.7
4,9600,stdDP,444444
4,9600,extDP,4927.19
4,9600,MILP,12525.8
40,0,stdDP,507951
40,0,extDP,4787.06
40,0,MILP,12226.2
40,1600,stdDP,478007
40,1600,extDP,6143.67
40,1600,MILP,10449.6
40,2400,stdDP,441288
40,2400,extDP,2310.01
40,2400,MILP,10077.9
40,3200,stdDP,464003
40,3200,extDP,5995.97
40,3200,MILP,9887.19
40,4000,stdDP,445482
40,4000,extDP,3052.74
40,4000,MILP,10705.7
40,4800,stdDP,475720
40,4800,extDP,2207.69
40,4800,MILP,12424.9
40,5600,stdDP,463272
40,5600,extDP,6470.14
40,5600,MILP,9882.1
40,6400,stdDP,447782
40,6400,extDP,6402.91
40,6400,MILP,10911.2
40,7200,stdDP,444408
40,7200,extDP,2604.41
40,7200,MILP,10166.5
40,800,stdDP,455751
40,800,extDP,3206.89
40,800,MILP,9868.07
40,8000,stdDP,484948
40,8000,extDP,2834.68
40,8000,MILP,12057.7
40,8800,stdDP,671691
40,8800,extDP,6064.64
40,8800,MILP,27322.3
40,9600,stdDP,675851
40,9600,extDP,2985.54
40,9600,MILP,11657.3
41,0,stdDP,581634
41,0,extDP,49294.7
41,0,MILP,19377
41,1600,stdDP,500905
41,1600,extDP,44102.3
41,1600,MILP,18455.2
41,2400,stdDP,526566
41,2400,extDP,44179.6
41,2400,MILP,17557.3
41,3200,stdDP,523852
41,3200,extDP,48416.1
41,3200,MILP,19313
41,4000,stdDP,544910
41,4000,extDP,50609.4
41,4000,MILP,21576.5
41,4800,stdDP,554756
41,4800,extDP,55991.3
41,4800,MILP,18586.2
41,5600,stdDP,506934
41,5600,extDP,46420.5
41,5600,MILP,17769.2
41,6400,stdDP,532284
41,6400,extDP,54896.9
41,6400,MILP,18146.6
41,7200,stdDP,516304
41,7200,extDP,45990.2
41,7200,MILP,17609.4
41,800,stdDP,562156
41,800,extDP,48689.4
41,800,MILP,17981.1
41,8000,stdDP,488197
41,8000,extDP,45802.8
41,8000,MILP,19349.5
41,8800,stdDP,528020
41,8800,extDP,46937
41,8800,MILP,18326.8
41,9600,stdDP,525374
41,9600,extDP,43506.2
41,9600,MILP,19872.5
42,0,stdDP,494453
42,0,extDP,16748.6
42,0,MILP,25468
42,1600,stdDP,518267
42,1600,extDP,9383.08
42,1600,MILP,14765.6
42,2400,stdDP,473397
42,2400,extDP,15964.9
42,2400,MILP,10878.4
42,3200,stdDP,465558
42,3200,extDP,6013.59
42,3200,MILP,11599.3
42,4000,stdDP,469591
42,4000,extDP,6136.76
42,4000,MILP,13357.1
42,4800,stdDP,502454
42,4800,extDP,6823.75
42,4800,MILP,11082.5
42,5600,stdDP,447405
42,5600,extDP,6932.59
42,5600,MILP,12588.9
42,6400,stdDP,478745
42,6400,extDP,15885.3
42,6400,MILP,14699
42,7200,stdDP,451214
42,7200,extDP,16064.6
42,7200,MILP,13322.6
42,800,stdDP,451851
42,800,extDP,12070.5
42,800,MILP,11768.9
42,8000,stdDP,471280
42,8000,extDP,6108.6
42,8000,MILP,11279
42,8800,stdDP,452221
42,8800,extDP,6323.15
42,8800,MILP,14980.3
42,9600,stdDP,461390
42,9600,extDP,5941.01
42,9600,MILP,11479.5
43,0,stdDP,477880
43,0,extDP,27269.2
43,0,MILP,15914.7
43,1600,stdDP,472068
43,1600,extDP,29179.2
43,1600,MILP,16522.5
43,2400,stdDP,445980
43,2400,extDP,27382.3
43,2400,MILP,15418.6
43,3200,stdDP,503236
43,3200,extDP,29204.9
43,3200,MILP,18492.9
43,4000,stdDP,445812
43,4000,extDP,29409.5
43,4000,MILP,19078.8
43,4800,stdDP,478444
43,4800,extDP,58102.3
43,4800,MILP,16229.2
43,5600,stdDP,492481
43,5600,extDP,29239.4
43,5600,MILP,15752.6
43,6400,stdDP,487760
43,6400,extDP,64571.4
43,6400,MILP,15342.2
43,7200,stdDP,491335
43,7200,extDP,69582.2
43,7200,MILP,15648.7
43,800,stdDP,476344
43,800,extDP,28214.3
43,800,MILP,15777.1
43,8000,stdDP,481734
43,8000,extDP,29122.1
43,8000,MILP,16302.4
43,8800,stdDP,490997
43,8800,extDP,27201.6
43,8800,MILP,15499.3
43,9600,stdDP,509462
43,9600,extDP,30506.3
43,9600,MILP,16167.7
44,0,stdDP,502206
44,0,extDP,40290
44,0,MILP,16565.2
44,1600,stdDP,515292
44,1600,extDP,47547.9
44,1600,MILP,25421.1
44,2400,stdDP,478478
44,2400,extDP,31116.2
44,2400,MILP,17175.3
44,3200,stdDP,524913
44,3200,extDP,30869.7
44,3200,MILP,16931
44,4000,stdDP,524628
44,4000,extDP,31437.7
44,4000,MILP,17474.5
44,4800,stdDP,457231
44,4800,extDP,29115.1
44,4800,MILP,15786.5
44,5600,stdDP,490160
44,5600,extDP,29287.7
44,5600,MILP,15830.1
44,6400,stdDP,509578
44,6400,extDP,61932.8
44,6400,MILP,16766.2
44,7200,stdDP,489716
44,7200,extDP,30880.7
44,7200,MILP,18173.1
44,800,stdDP,497417
44,800,extDP,30507.8
44,800,MILP,15761.9
44,8000,stdDP,482455
44,8000,extDP,31184.7
44,8000,MILP,15789.2
44,8800,stdDP,496557
44,8800,extDP,32400.5
44,8800,MILP,16750.2
44,9600,stdDP,495595
44,9600,extDP,40808.2
44,9600,MILP,18461.3
45,0,stdDP,444744
45,0,extDP,18148
45,0,MILP,16193.2
45,1600,stdDP,509349
45,1600,extDP,16328.9
45,1600,MILP,13723.2
45,2400,stdDP,470186
45,2400,extDP,37331
45,2400,MILP,12948.9
45,3200,stdDP,434336
45,3200,extDP,15474.6
45,3200,MILP,13773.9
45,4000,stdDP,428941
45,4000,extDP,15186.5
45,4000,MILP,12837.7
45,4800,stdDP,444747
45,4800,extDP,32704.1
45,4800,MILP,13652.5
45,5600,stdDP,485688
45,5600,extDP,15140.9
45,5600,MILP,13101.3
45,6400,stdDP,452299
45,6400,extDP,15369.1
45,6400,MILP,12990.9
45,7200,stdDP,455931
45,7200,extDP,15353
45,7200,MILP,13175.5
45,800,stdDP,514699
45,800,extDP,15359.7
45,800,MILP,13642.2
45,8000,stdDP,451968
45,8000,extDP,17009.8
45,8000,MILP,14299.6
45,8800,stdDP,485216
45,8800,extDP,35960.4
45,8800,MILP,13873.8
45,9600,stdDP,449587
45,9600,extDP,32977.5
45,9600,MILP,12997.1
46,0,stdDP,450131
46,0,extDP,14328.1
46,0,MILP,14193.2
46,1600,stdDP,450933
46,1600,extDP,6574.63
46,1600,MILP,11390.7
46,2400,stdDP,472761
46,2400,extDP,7096.83
46,2400,MILP,12001.9
46,3200,stdDP,439260
46,3200,extDP,13198.3
46,3200,MILP,11385.6
46,4000,stdDP,453766
46,4000,extDP,7931.81
46,4000,MILP,13759.5
46,4800,stdDP,465941
46,4800,extDP,6324.85
46,4800,MILP,11295.5
46,5600,stdDP,417578
46,5600,extDP,6171.81
46,5600,MILP,10863.8
46,6400,stdDP,453232
46,6400,extDP,6060.63
46,6400,MILP,11111.9
46,7200,stdDP,430175
46,7200,extDP,6544.63
46,7200,MILP,11266.2
46,800,stdDP,442659
46,800,extDP,5985.22
46,800,MILP,10895.4
46,8000,stdDP,437205
46,8000,extDP,6239.95
46,8000,MILP,11956.9
46,8800,stdDP,451815
46,8800,extDP,6281.45
46,8800,MILP,11123.7
46,9600,stdDP,442067
46,9600,extDP,6260.47
46,9600,MILP,10821.4
47,0,stdDP,443120
47,0,extDP,2265.5
47,0,MILP,9968.99
47,1600,stdDP,432856
47,1600,extDP,2444.05
47,1600,MILP,9153.52
47,2400,stdDP,417796
47,2400,extDP,2395.53
47,2400,MILP,10449.7
47,3200,stdDP,439306
47,3200,extDP,2305.24
47,3200,MILP,10715.1
47,4000,stdDP,425945
47,4000,extDP,2266.3
47,4000,MILP,9167.81
47,4800,stdDP,483756
47,4800,extDP,4083.48
47,4800,MILP,9560.43
47,5600,stdDP,438193
47,5600,extDP,2314.76
47,5600,MILP,9136.99
47,6400,stdDP,465273
47,6400,extDP,2423.3
47,6400,MILP,9442.73
47,7200,stdDP,445112
47,7200,extDP,2398.91
47,7200,MILP,9256.85
47,800,stdDP,471220
47,800,extDP,2246.32
47,800,MILP,9161.67
47,8000,stdDP,438798
47,8000,extDP,6636.35
47,8000,MILP,15503.8
47,8800,stdDP,431575
47,8800,extDP,2361.05
47,8800,MILP,12389.8
47,9600,stdDP,429883
47,9600,extDP,2247.03
47,9600,MILP,9211.88
48,0,stdDP,476674
48,0,extDP,15566.7
48,0,MILP,13080.9
48,1600,stdDP,448185
48,1600,extDP,15465.7
48,1600,MILP,14049.1
48,2400,stdDP,451424
48,2400,extDP,15820.3
48,2400,MILP,13739.1
48,3200,stdDP,454337
48,3200,extDP,15307.2
48,3200,MILP,12752.9
48,4000,stdDP,478131
48,4000,extDP,16675.3
48,4000,MILP,13605
48,4800,stdDP,558855
48,4800,extDP,15400
48,4800,MILP,13045.6
48,5600,stdDP,454708
48,5600,extDP,27838.4
48,5600,MILP,14069.9
48,6400,stdDP,464426
48,6400,extDP,16245.2
48,6400,MILP,13659.4
48,7200,stdDP,450746
48,7200,extDP,17223
48,7200,MILP,14293.2
48,800,stdDP,515587
48,800,extDP,38711.6
48,800,MILP,14015.1
48,8000,stdDP,474599
48,8000,extDP,25436.5
48,8000,MILP,13729.6
48,8800,stdDP,445429
48,8800,extDP,16585.5
48,8800,MILP,13472.5
48,9600,stdDP,507560
48,9600,extDP,15760.6
48,9600,MILP,12923.3
49,0,stdDP,513593
49,0,extDP,6531.15
49,0,MILP,11630.7
49,1600,stdDP,448448
49,1600,extDP,6945
49,1600,MILP,11376.9
49,2400,stdDP,480504
49,2400,extDP,6110.87
49,2400,MILP,13711.4
49,3200,stdDP,444494
49,3200,extDP,6067.92
49,3200,MILP,11985
49,4000,stdDP,444711
49,4000,extDP,6634.56
49,4000,MILP,11600.7
49,4800,stdDP,474862
49,4800,extDP,6168.34
49,4800,MILP,10769.4
49,5600,stdDP,472862
49,5600,extDP,16153.7
49,5600,MILP,12002.6
49,6400,stdDP,460923
49,6400,extDP,6423.95
49,6400,MILP,11241.5
49,7200,stdDP,474393
49,7200,extDP,14601.6
49,7200,MILP,11308.4
49,800,stdDP,445787
49,800,extDP,6270.15
49,800,MILP,13951.9
49,8000,stdDP,447963
49,8000,extDP,6043.88
49,8000,MILP,11066
49,8800,stdDP,463934
49,8800,extDP,6345.96
49,8800,MILP,13579
49,9600,stdDP,443469
49,9600,extDP,6724.48
49,9600,MILP,11091.6
5,0,stdDP,453918
5,0,extDP,5639.54
5,0,MILP,11399.7
5,1600,stdDP,456181
5,1600,extDP,5052.13
5,1600,MILP,11083.1
5,2400,stdDP,462195
5,2400,extDP,13113.1
5,2400,MILP,11281.6
5,3200,stdDP,458938
5,3200,extDP,5028.17
5,3200,MILP,10696
5,4000,stdDP,455116
5,4000,extDP,5205.02
5,4000,MILP,11254.6
5,4800,stdDP,465165
5,4800,extDP,5491.37
5,4800,MILP,10999.4
5,5600,stdDP,467000
5,5600,extDP,5112.53
5,5600,MILP,10603.5
5,6400,stdDP,446088
5,6400,extDP,5001.48
5,6400,MILP,10604.5
5,7200,stdDP,482114
5,7200,extDP,5573.06
5,7200,MILP,11128.9
5,800,stdDP,459188
5,800,extDP,5064.16
5,800,MILP,11484.6
5,8000,stdDP,462177
5,8000,extDP,5069.93
5,8000,MILP,11481.8
5,8800,stdDP,468427
5,8800,extDP,11390.1
5,8800,MILP,10614.3
5,9600,stdDP,437149
5,9600,extDP,4958.31
5,9600,MILP,11265.1
6,0,stdDP,453788
6,0,extDP,15500.6
6,0,MILP,12662.4
6,1600,stdDP,458712
6,1600,extDP,31920.9
6,1600,MILP,12638.3
6,2400,stdDP,466852
6,2400,extDP,24185
6,2400,MILP,22475.3
6,3200,stdDP,731649
6,3200,extDP,25085
6,3200,MILP,17104.3
6,4000,stdDP,546565
6,4000,extDP,40921.2
6,4000,MILP,13236.5
6,4800,stdDP,474680
6,4800,extDP,31741.1
6,4800,MILP,13126.7
6,5600,stdDP,474713
6,5600,extDP,33911.7
6,5600,MILP,14213.6
6,6400,stdDP,480765
6,6400,extDP,16376.3
6,6400,MILP,12563.1
6,7200,stdDP,460460
6,7200,extDP,16196.1
6,7200,MILP,13399.3
6,800,stdDP,505790
6,800,extDP,15853.5
6,800,MILP,13334
6,8000,stdDP,489366
6,8000,extDP,15510.3
6,8000,MILP,13353.5
6,8800,stdDP,460464
6,8800,extDP,24276.4
6,8800,MILP,13453.2
6,9600,stdDP,457802
6,9600,extDP,15340.7
6,9600,MILP,12608.2
7,0,stdDP,628197
7,0,extDP,80949.3
7,0,MILP,21966.9
7,1600,stdDP,577951
7,1600,extDP,65792
7,1600,MILP,22879.3
7,2400,stdDP,599089
7,2400,extDP,68920.8
7,2400,MILP,22631.4
7,3200,stdDP,665212
7,3200,extDP,85550
7,3200,MILP,23391.8
7,4000,stdDP,588234
7,4000,extDP,70688.8
7,4000,MILP,23101.6
7,4800,stdDP,596950
7,4800,extDP,68804.8
7,4800,MILP,37770.1
7,5600,stdDP,636119
7,5600,extDP,72555.2
7,5600,MILP,23343.7
7,6400,stdDP,614744
7,6400,extDP,65868.3
7,6400,MILP,22008.5
7,7200,stdDP,615980
7,7200,extDP,69230.4
7,7200,MILP,22950.6
7,800,stdDP,700988
7,800,extDP,74251.4
7,800,MILP,22836.8
7,8000,stdDP,609001
7,8000,extDP,72068.3
7,8000,MILP,22670.5
7,8800,stdDP,597997
7,8800,extDP,64793.1
7,8800,MILP,23632.2
7,9600,stdDP,656545
7,9600,extDP,65415.8
7,9600,MILP,21934.3
8,0,stdDP,487039
8,0,extDP,37937.3
8,0,MILP,17993.9
8,1600,stdDP,503715
8,1600,extDP,38970.8
8,1600,MILP,18134.9
8,2400,stdDP,515374
8,2400,extDP,39666.2
8,2400,MILP,18959.2
8,3200,stdDP,520622
8,3200,extDP,38221.9
8,3200,MILP,17866.5
8,4000,stdDP,488457
8,4000,extDP,37030.2
8,4000,MILP,17971.7
8,4800,stdDP,535154
8,4800,extDP,39014.6
8,4800,MILP,17888.1
8,5600,stdDP,505758
8,5600,extDP,39351.5
8,5600,MILP,17294.3
8,6400,stdDP,502980
8,6400,extDP,40504.5
8,6400,MILP,17756.2
8,7200,stdDP,544364
8,7200,extDP,37916.4
8,7200,MILP,17524.7
8,800,stdDP,506877
8,800,extDP,42757.2
8,800,MILP,27413.4
8,8000,stdDP,705931
8,8000,extDP,36340.7
8,8000,MILP,17384.9
8,8800,stdDP,566412
8,8800,extDP,40681.2
8,8800,MILP,19384.5
8,9600,stdDP,578003
8,9600,extDP,38441.2
8,9600,MILP,18132.4
9,0,stdDP,469781
9,0,extDP,25769.4
9,0,MILP,14915.7
9,1600,stdDP,476307
9,1600,extDP,25334
9,1600,MILP,15535.3
9,2400,stdDP,451292
9,2400,extDP,25427
9,2400,MILP,16405.2
9,3200,stdDP,454155
9,3200,extDP,26918.5
9,3200,MILP,16102.5
9,4000,stdDP,506445
9,4000,extDP,47176
9,4000,MILP,15803.2
9,4800,stdDP,456877
9,4800,extDP,37770.3
9,4800,MILP,14975.7
9,5600,stdDP,463183
9,5600,extDP,48361.8
9,5600,MILP,15687.1
9,6400,stdDP,470236
9,6400,extDP,51671.3
9,6400,MILP,16029.9
9,7200,stdDP,494169
9,7200,extDP,34944.8
9,7200,MILP,22061.5
9,800,stdDP,482291
9,800,extDP,25793
9,800,MILP,15700.2
9,8000,stdDP,470295
9,8000,extDP,25155.6
9,8000,MILP,16703.9
9,8800,stdDP,466455
9,8800,extDP,24359
9,8800,MILP,15782.7
9,9600,stdDP,488310
9,9600,extDP,23953.6
9,9600,MILP,16598.2
